{
  "timestamp": "2025-10-22T21:00:50.497149",
  "models": [
    "Ridge",
    "RandomForest",
    "LightGBM"
  ],
  "metrics": {
    "Ridge": {
      "mse": 0.0015198744536543502,
      "mae": 0.024929887062270308,
      "rmse": 0.03898556724807721,
      "r2": -0.19763950863898394,
      "ic": -0.06740612011483657,
      "ic_pvalue": 0.4496536847027783,
      "rank_ic": -0.08217931697491301,
      "rank_ic_pvalue": 0.35642780532723173,
      "n_samples": 128
    },
    "RandomForest": {
      "mse": 0.0013107803773211005,
      "mae": 0.02250952832223671,
      "rmse": 0.03620470103896869,
      "r2": -0.03287634268341888,
      "ic": 0.08129445770604805,
      "ic_pvalue": 0.36164746011754084,
      "rank_ic": 0.18459874565097967,
      "rank_ic_pvalue": 0.03698123786505868,
      "n_samples": 128
    },
    "LightGBM": {
      "mse": 0.0014448359185475126,
      "mae": 0.02366204620510704,
      "rmse": 0.03801099733692228,
      "r2": -0.13851020746659892,
      "ic": -0.16210867964321962,
      "ic_pvalue": 0.06752393402910878,
      "rank_ic": -0.03669060634149292,
      "rank_ic_pvalue": 0.6809455269264133,
      "n_samples": 128
    }
  },
  "validation": {
    "Ridge": {
      "top_mean": -0.0036257937255908235,
      "bottom_mean": 0.005390647709576314,
      "overall_mean": 0.006613900079988572,
      "spread": -0.009016441435167137,
      "top_vs_mean": false,
      "spread_positive": false,
      "pass": false
    },
    "RandomForest": {
      "top_mean": 0.009095114912858285,
      "bottom_mean": 0.0023125750705381342,
      "overall_mean": 0.006613900079988572,
      "spread": 0.006782539842320151,
      "top_vs_mean": true,
      "spread_positive": true,
      "pass": true
    },
    "LightGBM": {
      "top_mean": -0.0008304342244124334,
      "bottom_mean": 0.026278972007877023,
      "overall_mean": 0.006613900079988572,
      "spread": -0.027109406232289458,
      "top_vs_mean": false,
      "spread_positive": false,
      "pass": false
    }
  }
}