{
  "timestamp": "2025-10-28T10:27:13.394000",
  "models": [
    "Ridge",
    "RandomForest",
    "LightGBM"
  ],
  "metrics": {
    "Ridge": {
      "mse": 0.0015872568474416,
      "mae": 0.02695562062307635,
      "rmse": 0.03984039215973658,
      "r2": -0.21719657505109158,
      "ic": -0.05559945155399772,
      "ic_pvalue": 0.5396557572622365,
      "rank_ic": -0.09688119590873327,
      "rank_ic_pvalue": 0.2844313739730299,
      "n_samples": 124
    },
    "RandomForest": {
      "mse": 0.0014298960441778267,
      "mae": 0.024843556556631834,
      "rmse": 0.037813966258220345,
      "r2": -0.09652358435731467,
      "ic": -0.05781783403944143,
      "ic_pvalue": 0.5235742513073769,
      "rank_ic": -0.06526514555468135,
      "rank_ic_pvalue": 0.47142045831579715,
      "n_samples": 124
    },
    "LightGBM": {
      "mse": 0.0014089188158978372,
      "mae": 0.023810957746728003,
      "rmse": 0.03753556734482426,
      "r2": -0.08043708237899683,
      "ic": -0.21127013831003627,
      "ic_pvalue": 0.018501254367646915,
      "rank_ic": -0.31413033970686255,
      "rank_ic_pvalue": 0.000380926885497955,
      "n_samples": 124
    }
  },
  "validation": {
    "Ridge": {
      "top_mean": -0.01236313051008937,
      "bottom_mean": 0.0011632448440710799,
      "overall_mean": 0.0064782150471638395,
      "spread": -0.01352637535416045,
      "top_vs_mean": false,
      "spread_positive": false,
      "pass": false
    },
    "RandomForest": {
      "top_mean": -0.0009318718893904121,
      "bottom_mean": -0.0009332403633951994,
      "overall_mean": 0.0064782150471638395,
      "spread": 1.3684740047872077e-06,
      "top_vs_mean": false,
      "spread_positive": true,
      "pass": false
    },
    "LightGBM": {
      "top_mean": -0.010196642488258415,
      "bottom_mean": 0.02638467121612062,
      "overall_mean": 0.0064782150471638395,
      "spread": -0.03658131370437903,
      "top_vs_mean": false,
      "spread_positive": false,
      "pass": false
    }
  }
}