k_value,silhouette_score,calinski_score,train_difference,train_significant,test_best_cluster_rank,test_top_50_percent,overall_valid
4,0.28196279912778344,121.19324094785122,0.010577759501120691,False,2,True,False
5,0.28218609491548835,118.51149249094534,0.02927235779410543,True,1,True,True
6,0.2906493320305456,123.54513180925035,0.033529297662616045,True,5,False,False
