k_value,cluster_id,train_mean_return,test_mean_return,train_rank,test_rank,train_samples,test_samples,train_positive_ratio,test_positive_ratio,center_PC1,center_PC2,center_PC3,center_PC4,center_PC5,train_PC1_mean,train_PC1_std,train_PC1_min,train_PC1_max,train_PC2_mean,train_PC2_std,train_PC2_min,train_PC2_max,train_PC3_mean,train_PC3_std,train_PC3_min,train_PC3_max,train_PC4_mean,train_PC4_std,train_PC4_min,train_PC4_max,train_PC5_mean,train_PC5_std,train_PC5_min,train_PC5_max
4,0,-0.0032334139370422056,0.007711132790259415,2,1,188,142,0.4095744680851064,0.45774647887323944,-1.3935659430785714,0.3396891549779458,0.05200606402842545,-0.04336548680624412,-0.13069332175333645,-1.3935659430785712,0.8519446541756709,-3.232915362726102,0.4193320392492065,0.3396891549779457,0.7869594595375276,-1.4820666385752492,4.250612376335636,0.05200606402842546,0.7044479495359729,-1.696644590757268,2.041862866649098,-0.04336548680624418,0.7231511563416859,-2.2352885479886875,1.5690874378075876,-0.1306933217533364,0.732305305164745,-1.4865142197617809,2.1598213395633374
4,1,-0.0006675528479216576,0.002182323150131117,1,2,77,111,0.44155844155844154,0.5045045045045045,1.64124945702657,-0.3261999768339263,1.1473918055072019,0.2838947418689354,-0.36482241329825715,1.6412494570265699,1.081672191280024,-0.17954179688220812,4.659956362407945,-0.3261999768339264,0.8910907495831214,-2.4390959154436125,1.8504957647781777,1.147391805507202,0.8608447836553617,-0.22189384791280042,2.987883072059349,0.2838947418689353,1.0216678363910723,-2.0721618080100472,2.5635590883345403,-0.3648224132982574,0.9334153950790645,-2.1392348376783126,2.1540685458400644
4,2,-0.003507812529725073,-0.00446586707458953,3,3,30,16,0.4,0.3125,2.847771264134409,2.489583554492551,-0.4888727055459488,-0.5923079019908047,0.07544958426106248,2.847771264134408,1.7186745343374232,0.23139909426319505,5.78494939991718,2.489583554492552,1.2565065103901272,0.220015224854717,6.159803670970986,-0.48887270554594864,0.9781882255238294,-2.8496135630910535,1.1330148785259504,-0.5923079019908045,1.6670243732940422,-2.9776008015975033,3.0367159719997963,0.07544958426106248,1.1560185495715467,-2.1135225681734524,3.3286921249179544
