{
  "regression": {
    "factor": "model_score",
    "period": "5d",
    "timestamp": "2025-12-19T09:35:44.803932",
    "threshold": 0.3,
    "checks": {
      "ic_comparison": {
        "mean": {
          "train": 0.07218303515042906,
          "valid": 0.02408342203095981,
          "test": 0.06382250396796119,
          "valid_vs_train_pct": 0.6663562015538681,
          "test_vs_train_pct": 0.11582404598316731,
          "valid_vs_test_pct": 0.5505321555707008,
          "drift_detected": true
        },
        "std": {
          "train": 0.17339626009922415,
          "valid": 0.15478697256012244,
          "test": 0.17700021992148648,
          "valid_vs_train_pct": 0.10732231207554734,
          "test_vs_train_pct": 0.020784530301864664,
          "valid_vs_test_pct": 0.128106842377412,
          "drift_detected": false
        },
        "icir": {
          "train": 0.4162894580836005,
          "valid": 0.1555907556858851,
          "test": 0.36057867044612424,
          "valid_vs_train_pct": 0.6262438246643304,
          "test_vs_train_pct": 0.13382704403311665,
          "valid_vs_test_pct": 0.4924167806312137,
          "drift_detected": true
        },
        "icir_annual": {
          "train": 6.608390277042324,
          "valid": 2.4699266750727653,
          "test": 5.724008940448561,
          "valid_vs_train_pct": 0.6262438246643303,
          "test_vs_train_pct": 0.13382704403311663,
          "valid_vs_test_pct": 0.49241678063121375,
          "drift_detected": true
        },
        "positive_ratio": {
          "train": 0.6777777777777778,
          "valid": 0.558282208588957,
          "test": 0.6257668711656442,
          "valid_vs_train_pct": 0.17630493814744047,
          "test_vs_train_pct": 0.07673740319822989,
          "valid_vs_test_pct": 0.09956753494921057,
          "drift_detected": false
        }
      },
      "spread_comparison": {
        "spread_mean": {
          "train": 0.005463727535761224,
          "valid": -0.002188391948116235,
          "test": 0.004580978583225949,
          "valid_vs_test_pct": 1.2389656122189947,
          "drift_detected": true
        },
        "spread_sharpe": {
          "train": 0.2879972525521482,
          "valid": -0.15659080537757147,
          "test": 0.25227337164748487,
          "valid_vs_test_pct": 1.4196808247364183,
          "drift_detected": true
        },
        "spread_positive_ratio": {
          "train": 0.6171717171717171,
          "valid": 0.4325153374233129,
          "test": 0.5920245398773006,
          "valid_vs_test_pct": 0.2584518992298656,
          "drift_detected": false
        }
      },
      "statistical_test": {
        "test": "ks",
        "statistic": 0.13803680981595093,
        "p_value": 0.003970836902563533,
        "significant": true
      }
    },
    "overall_pass": false
  }
}