{
  "regression": {
    "factor": "model_score",
    "period": "5d",
    "timestamp": "2025-12-05T11:36:22.541403",
    "threshold": 0.3,
    "checks": {
      "ic_comparison": {
        "mean": {
          "train": 0.08128826919105281,
          "valid": 0.028857813620275105,
          "test": 0.06736579141929788,
          "valid_vs_train_pct": 0.6449941189859728,
          "test_vs_train_pct": 0.17127290210882407,
          "valid_vs_test_pct": 0.47372121687714874,
          "drift_detected": true
        },
        "std": {
          "train": 0.17113203608568456,
          "valid": 0.1465041056240579,
          "test": 0.17369108613934808,
          "valid_vs_train_pct": 0.143911864925721,
          "test_vs_train_pct": 0.014953658661445643,
          "valid_vs_test_pct": 0.15886552358716663,
          "drift_detected": false
        },
        "icir": {
          "train": 0.4750032258738064,
          "valid": 0.19697614273231856,
          "test": 0.38784829386841396,
          "valid_vs_train_pct": 0.5853161999690314,
          "test_vs_train_pct": 0.18348282129045326,
          "valid_vs_test_pct": 0.4018333786785781,
          "drift_detected": true
        },
        "icir_annual": {
          "train": 7.540442445693199,
          "valid": 3.1268993272948666,
          "test": 6.156900791979125,
          "valid_vs_train_pct": 0.5853161999690314,
          "test_vs_train_pct": 0.18348282129045332,
          "valid_vs_test_pct": 0.40183337867857805,
          "drift_detected": true
        },
        "positive_ratio": {
          "train": 0.6868686868686869,
          "valid": 0.5644171779141104,
          "test": 0.6288343558282209,
          "valid_vs_train_pct": 0.17827499097798633,
          "test_vs_train_pct": 0.08449115842656074,
          "valid_vs_test_pct": 0.09378383255142558,
          "drift_detected": false
        }
      },
      "spread_comparison": {
        "spread_mean": {
          "train": 0.0071659276917612055,
          "valid": -0.002086224122550331,
          "test": 0.004640805481847127,
          "valid_vs_test_pct": 0.9387520909723446,
          "drift_detected": true
        },
        "spread_sharpe": {
          "train": 0.3766072250191615,
          "valid": -0.14922804759176686,
          "test": 0.24610806022346315,
          "valid_vs_test_pct": 1.0497305456503538,
          "drift_detected": true
        },
        "spread_positive_ratio": {
          "train": 0.6212121212121212,
          "valid": 0.401840490797546,
          "test": 0.5460122699386503,
          "valid_vs_test_pct": 0.23208140056860682,
          "drift_detected": false
        }
      },
      "statistical_test": {
        "test": "ks",
        "statistic": 0.15030674846625766,
        "p_value": 0.0012452047271076052,
        "significant": true
      }
    },
    "overall_pass": false
  }
}