{
  "task_type": "regression",
  "train_samples": 43511,
  "valid_samples": 14968,
  "test_samples": 15167,
  "training_result": {
    "model_name": "LightGBM",
    "training_time": 0.09056758880615234,
    "train_samples": 43511,
    "train_mse": 0.004889922009198978,
    "train_mae": 0.047227254140642536,
    "n_features": 8,
    "n_estimators": 10,
    "best_iteration": 10,
    "valid_samples": 14968,
    "valid_mse": 0.004193946849908443,
    "valid_mae": 0.04319883259531777
  },
  "ic_summary": {
    "('model_score', 'ret_5d')": {
      "mean": 0.06382250396796119,
      "std": 0.17700021992148648,
      "icir": 0.36057867044612424,
      "icir_annual": 5.724008940448561,
      "t_stat": 6.510417397625629,
      "p_value": 2.842364243763363e-10,
      "n_obs": 326,
      "positive_ratio": 0.6257668711656442
    }
  },
  "spreads": {
    "('model_score', 'ret_5d')": {
      "mean": 0.004580978583225949,
      "std": 0.018158787641000797,
      "sharpe": 0.25227337164748487
    }
  }
}