{
  "close_to_close": {
    "Total Days": 1646,
    "Total Return": 0.32381405057253465,
    "Annualized Return": 0.04388226485777991,
    "Annualized Volatility": 0.2571977300449096,
    "Sharpe Ratio": 0.09285565954882183,
    "Sortino Ratio": 0.12177855018809991,
    "Max Drawdown": -0.3938225054268637,
    "Win Rate": 0.528554070473876,
    "Profit/Loss Ratio": 0.9400406491942239,
    "Avg Daily Turnover": 0.18086269744835964,
    "Total Cost": 0.7740199999999999
  },
  "open_to_open": {
    "Total Days": 1646,
    "Total Return": 0.4517675383043189,
    "Annualized Return": 0.05873235996707726,
    "Annualized Volatility": 0.2702396757993293,
    "Sharpe Ratio": 0.143325956310866,
    "Sortino Ratio": 0.20132588864352263,
    "Max Drawdown": -0.4072552207960002,
    "Win Rate": 0.531591737545565,
    "Profit/Loss Ratio": 0.9374080608193104,
    "Avg Daily Turnover": 0.18086269744835964,
    "Total Cost": 0.7740199999999999
  },
  "comparison": {
    "alpha_decay": -0.33840767238030506
  }
}